<?xml version="1.0" encoding="utf-8" standalone="yes"?>
<rss version="2.0" xmlns:atom="http://www.w3.org/2005/Atom">
  <channel>
    <title>Live Sic Bo Online in Australia | Real-Time Casino Action on Sic Bo</title>
    <link>https://sicbo-au.com/cookie-policy/</link>
    <description>Recent content in Live Sic Bo Online in Australia | Real-Time Casino Action on Sic Bo</description>
    <generator>Hugo</generator>
    <language>en</language>
    <lastBuildDate></lastBuildDate>
    <atom:link href="https://sicbo-au.com/cookie-policy/index.xml" rel="self" type="application/rss+xml" />
  </channel>
</rss>
