<?xml version="1.0" encoding="utf-8" standalone="yes"?>
<rss version="2.0" xmlns:atom="http://www.w3.org/2005/Atom">
  <channel>
    <title>“Play Sic Bo Online in Australia | Exciting Casino Game with Big Wins&#34; on Sic Bo</title>
    <link>https://sicbo-au.com/</link>
    <description>Recent content in “Play Sic Bo Online in Australia | Exciting Casino Game with Big Wins&#34; on Sic Bo</description>
    <generator>Hugo</generator>
    <language>en</language>
    <lastBuildDate></lastBuildDate>
    <atom:link href="https://sicbo-au.com/index.xml" rel="self" type="application/rss+xml" />
  </channel>
</rss>
